depth,volume
0.5,0.2706316
0.5,0.2706316
0.5,0.2706316
0.5,0.2706316
0.5,0.2706316
0.5,0.2706316
0.5,0.2706316
0.5,0.2706316
0.5,0.2706316
0.5,0.2706316
