depth,volume
0.5,0.2607969
0.5,0.2607969
0.5,0.2607969
