depth,volume
0.5,0.25975

0.5,0.25975
0.5,0.25975
0.5,0.25975
0.5,0.25975
0.503924,0.262791
0.511772,0.2688734
